{"field":"FRONTEND","author":"toss","title":"토스에서 대학생 인턴을 모집합니다.","content":"대한민국 금융을 혁신해 나가는 토스커뮤니티와 함께 할 동료를 찾습니다.\r\n토스커뮤니티의 목표는 명확합니다.\r\n\r\n불편하고 복잡한 금융의 문제를 해결하는 것. 복잡한 절차, 정책, 수많은 제약사항과 어려운 용어, 간단한 일에도 매번 겪게 되는 불편함. 이 불편하고 복잡한 금융의 문제를 토스커뮤니티가 끝내려고 합니다.\r\n\r\n토스커뮤니티엔 이 꿈에 가슴이 뛰는 사람들이 모여있습니다. 누구에게나 상식적인 금융, 최고의 사용 경험, 쓸 때마다 행복감을 느끼는 금융 서비스를 만들고자 합니다.\r\n\r\n대한민국 금융 혁신을 선도하고 있는 토스는 2015년 2월 공인인증서 없이 쉽고 빠르게 송금할 수 있는 간편 송금 서비스를 선보인 이래 다양한 금융 서비스를 선보이며 가파르게 성장하고 있습니다.\r\n\r\n토스커뮤니티에는 탁월한 인재들이 모여 완전히 새로운 방식으로 일하고 있습니다. 각 분야 최고 수준의 역량을 갖춘 1400명 이상의 인재들이 금융 경험 혁신을 가장 중요한 목표로 두고, 자율과 책임의 원칙 아래 상호 신뢰의 문화에서 일하고 있습니다.\r\n\r\n사람들의 금융 경험을 쉽고 편리하게 만들고, 사회에 긍정적인 영향을 미칠 수 있는 일을 할 수 있는 곳. 가슴 뛰는 결과를 함께 만들어나가며 최고의 동료들과 함께 성장할 수 있는 곳에서 일하고 싶지 않으신가요?\r\n\r\n토스커뮤니티에서 대한민국 금융 혁신을 위해 새로운 도전을 함께 할 멋진 동료를 찾고 있습니다.\r\n주요 업무는 모바일 웹뷰를 넘어 PC에서도 사용성이 뛰어난 Trading System을 만드는 도전을 준비하고 있어요.\r\n토스증권은 100% 웹 페이지로 구현되고 있어요. 안전하고 편리하게 거래할 수 있는 주식 매매 화면을 개발하고, 원하는 주식 정보를 쉽게 찾을 수 있는 주식 탐색 화면을 개발하는 등 증권서비스 사용자가 접하는 인터페이스 개발을 담당해요.\r\n국내 주식과 해외 주식 뿐만 아니라 투자에 관한 모든 것을 품는 투자 플랫폼을 만들어가요.\r\n시세와 매매 등 실시간 데이터를 관리하고 주식 차트 등 다양하고 도전적인 제품을 만들어요.\r\n완벽한 사용자 경험을 목표로 프론트엔드 성능 최적화를 진행하고, 프론트엔드 개발 및 배포 환경을 고도화해 개발 생산성도 향상시키고 있어요.\r\n비대면 증권사에 걸맞게 영업점을 방문해야하는 불편함을 해결할 수 있는 백오피스 제품을 개발하고 망분리 환경에서 동료들이 더 편하게 일할 수 있는 다양한 제품들도 직접 만들고 있습니다.","tag":"#토스 #모바일", "link":"https://open.kakao.com/o/gfAVlq8e", "date":"2023-06-18" }