{"field":"FRONTEND","author":"한상윤","title":"프론트 모집합니다.","content":"안녕하세요 명지대학교 재학중인 학생입니다. 이번 학기에 웹프로그래밍이라는 강의를 듣게 되었는데 프론트 개발이 너무 재밌어서 프로젝트를 하나 진행하고 싶습니다! 이번 강의를 들으며 프론트는 css가 중요하다는 것을 알았습니다. css를 정말 능숙하게 잘 다룰 줄 아시는 분과 함께하고 싶습니다. 저는 node를 이용한 back 개발에 자신이 있고 잘 다루는 편입니다! 인원은 5명 정도 생각 중이고 프로젝트 주제는 개발자 매칭 서비스를 제공하는 프로그램을 만들어보고 싶습니다. 관심 있으신 분들은 편하게 연락 주시면 감사하겠습니다!","tag":"#명지대 #프로젝트 #개발매칭 #서비스개발","link' value=":"", "date":"2023-06-06"}