{"field":"BACKEND","author":"상준","title":"인공지능","content":"안녕하세요 인공지능에 관심 있는 응용소프트웨어전공 대학생입니다. 인공지능을 같이 공부하고 프로젝트를 진행하실 분을 찾고 있습니다. 인공지능을 활용하여 프로젝트도 진행하고 인공지능을 다루는 기업에 들어가 인공지능의 가치를 실현 시키는 것이 제 목표입니다. 인공지능에 관련된 공부는 데이터를 자유롭게 다루고 데이터로 표현하며 소통하고 문제 해결을 위한 효율적인 방법과 체계를 설립하는 것입니다. 또한 세상의 복잡함을 자동화된 시스템으로 구현하고 산업과 조직의 목표를 프로젝트로 만들고 이를 체계적으로 관리하는 것에 공부의 중심을 두고 있습니다. 또한 최종적으로는 프로젝트에서 데이터 수집 분석 딥러닝 머신 러닝 분산 컴퓨팅 기술 등 다양한 기술과 지식을 활용하고 대규모 산업용 인공지능 모델 연구 개발 플랫폼을 공급하고 데이터 수집 분석 등 데이터를 시각화 할 수 있는 사용자 환경 구축 컨설팅 서비스를 제공하는 것에 목표를 두고 있습니다.","tag":"#인공지능", "link":"https://open.kakao.com/o/gfAVlq8e", "date":"2023-06-15" }