{"field":"BACKEND","author":"김세현","title":"백엔드 같이 공부하실 분 모집합니다.","content":"안녕하세요 명지대학교 대학생입니다! 이번에 전공 교수님의 강의를 듣고 너무 재밌어서 코드를 좀 더 개발해 나가보려고 합니다. 코드는 그림판을 만드는 코드에 관련된 것이고 여기서 추가로 기능을 덧붙여 파워포인트까지 제작해보고 싶습니다. 프로그래밍은 java로 진행될 예정입니다. java를 잘 다룰 줄 아시는 능숙한 분이셨으면 좋겠습니다. 방학 동안 코드도 분석해 나가며 같이 개발 하실 분을 모집합니다!","tag":"#대학생 #java","link":"  https://open.kakao.com/o/gfAVlq8e","date":"2023-06-20"}